Business,Address,Type
"11 Church Hill Properties, LLC",17 Pilgrim Hill Rd,General Rental Centers
Tree Solutions of Lower Fairfield County LLC,215 Farmingville Rd,Landscaping Services
Tree Solutions of Northern Fairfield County LLC,215 Farmingville Rd,Landscaping Services
46 Erwin LLC,109 Ivy Hill Rd,Lessors of Other Real Estate Property
Lawn Solutions of Northern Fairfield County LLC,215 Farmingville Rd,Landscaping Services
Stephanie K Moore LLC,598 Danbury Rd,Beauty Salons
Steven Oliveri Music LLC,266 Florida Rd,Fine Arts Schools
JOBSNAP LLC,33 Oscaleta Rd,All Other Business Support Services
"Town and Country Aesthetics of Connecticut, LLC",598 Danbury Rd,Offices of Physicians except Mental Health Specialists
Leaf & Wander Ventures LLP,89 Florida Hill Rd,All Other Travel Arrangement and Reservation Services
Local.gop LLC,89 Blue Ridge Rd,Political Organizations
Plant a Seed Solutions LLC,6 Lafayette Ave,Other Management Consulting Services
"SWGR Content Collective, LLC",46 Continental Dr,Marketing Consulting Services
God Bless America Lux Limo LLC,92 Lakeside Dr,All Other Transit and Ground Passenger Transportation
Deerpark Group LLC,194 Limekiln Rd,Administrative Management and General Management Consulting Services
"Seven Silver Spring Park, LLC",7 Silver Spring Park,Lessors of Other Real Estate Property
"Valley House Gifting, LLC",31 Ramapoo Road,"Beer, Wine, and Liquor Retailers"
"LISIEUX CREATIVE, LLC",22 Grove Street B,All Other Personal Services
51 CONTINENTAL DRIVE LLC,25 Norrans Ridge Dr,Other Activities Related to Real Estate
"Ridgefield Lions Foundation, Inc.",1 Middlebrook Ln,Grantmaking Foundations
"Wildflower Farm, LLC",26 Catoonah St,Chicken Egg Production
Rich Hill LLC,209 Wilton Road East,Luggage and Leather Goods Retailers
JDB Property Management LLC,27 Bates Farm Rd,Landscaping Services
Ridgefield Eye Center LLC,90 Grove St,Offices of Physicians except Mental Health Specialists
LD HOLDINGS CORP,26 Bryon Ave,Other Activities Related to Real Estate
Ridgefield Home LLC,118 Ramapoo Rd,All Other Home Furnishings Retailers
Clear Skies Ventures II LLC,141 Nursery Rd,"Construction, Mining, and Forestry Machinery and Equipment Rental and Leasing"
Litwin Enterprises LLC,221 South Salem Road,Residential Remodelers
9 Doctor Gillette Circle LLC,195 Haviland Rd,Lessors of Residential Buildings and Dwellings
PRAYSTONE LLC,300 Ridgebury Rd,Portfolio Management and Investment Advice
Farmingville269 LLC,269 Farmingville Rd,Lessors of Residential Buildings and Dwellings
Crossover Creative Labs LLC,49 Peaceable St,Marketing Consulting Services
Pickford Global Brand Advisory LLC,15 10th Ln,"Cosmetics, Beauty Supplies, and Perfume Retailers"
WRO Foundation Inc.,28 Prospect St,Other Grantmaking and Giving Services
Thomas Company LLC,39 Bailey Ave,All Other Home Furnishings Retailers
Forge Movement LLC,122 Lakeside Drive,Software Publishers
Blue Herron LLC,43 Eleven Levels Rd,Business Associations
"SLC Literacy, LLC",7 Woodcock Lane,Educational Support Services
Sirius Wellness Collective LLC,84 Governor St,Other Accounting Services
Blue Sky Asset Management LLC,104 Nod Hill Rd,Portfolio Management and Investment Advice
Piacente Real Estate LLC,92 Barry Ave,Offices of Real Estate Agents and Brokers
S Cap LLC,27 Webster Rd,Other Activities Related to Real Estate
Koerner LLC,136 Regan Road,Administrative Management and General Management Consulting Services
Aroma and Cigars LLC,433 Main St,All Other Miscellaneous Retailers
WHITE CEDAR PSYCHOLOGY PLLC,100B Danbury Road,Offices of Mental Health Practitioners (except Physicians)
Desync Studios LLC,78 Blue Ridge Rd,Software Publishers
Difazio Photo and Video LLC,901 Ethan Allen Hwy,Motion Picture and Video Production
